LATITUDE,LONGITUDE,OC,NDVI_v1,s2_1,s2_2,s2_3,s2_4,s2_5,s2_6,s2_7,s2_8,s2_9,s2_10,s2_11,s2_12,_count,_sum,_mean,_median,_stdev,_min,_max,_range,_minority,_majority,_variety,_variance
12.868275,75.239625,0.51,0.108785552,730,1022,1456,2533,2725.5,2899.5,3021.5,3142,3067.5,3153,4701.5,3389,4,0.443580486,0.110895121,0.108195595,0.005214635,0.107312776,0.119876519,0.012563743,0.107312776,0.107312776,4,2.72E-05
12.85378,74.97266,0.79,0.138858988,1214.5,1320,1963,2400,2727.5,3010,3301.5,3174,3407,3267,4501.5,3532.5,3,0.402348608,0.134116203,0.138858989,0.006707313,0.12463063,0.138858989,0.014228359,0.12463063,0.138858989,2,4.50E-05
12.853512,74.9748,1.41,0.150655414,1202.5,1468,2082,2478,2888,3149,3402.5,3281,3539.5,3434,4924,3886.5,3,0.439335316,0.146445105,0.149245963,0.004990927,0.139433935,0.150655419,0.011221483,0.139433935,0.139433935,3,2.49E-05
12.890035,75.230001,0.58,0.09361978,740,1488,2016,2447,2407,2808.5,3002,2952.5,2965.5,3063.5,3289.5,2595,3,0.367171042,0.122390347,0.116946913,0.025999837,0.093619779,0.15660435,0.062984571,0.093619779,0.093619779,3,0.000675992
12.853595,74.97297,0.46,0.147096074,1174,1447,2029,2357,2713.5,3053,3237,3170,3365,3265,4624,3614.5,3,0.456663266,0.152221089,0.150324434,0.005137025,0.147096068,0.159242764,0.012146696,0.147096068,0.147096068,3,2.64E-05
12.853359,74.97549,0.91,0.153511065,1110,1447,2015,2429,2868.5,3161,3404.5,3310,3541,3363.5,4668.5,3615,4,0.608682945,0.152170736,0.15038953,0.0059206,0.146602273,0.161301613,0.01469934,0.146602273,0.146602273,4,3.51E-05
12.8537,74.9731,0.85,0.144383057,1174,1461,2020,2323,2713.5,3053,3237,3107,3365,3265,4624,3614.5,3,0.456722647,0.152240882,0.14617759,0.009870941,0.144383058,0.166161999,0.021778941,0.144383058,0.144383058,3,9.74E-05
13.01277778,74.81444444,0.83,0.128875111,630.5,910,1247,1876,2013,2341.5,2541,2506,2717.5,2551.5,3696,2738.5,3,0.440566048,0.146855349,0.143769965,0.016089017,0.128875107,0.167920977,0.03904587,0.128875107,0.128875107,3,0.000258856
13.01277778,74.81444444,0.85,0.128875111,630.5,910,1247,1876,2013,2341.5,2541,2506,2717.5,2551.5,3696,2738.5,3,0.440566048,0.146855349,0.143769965,0.016089017,0.128875107,0.167920977,0.03904587,0.128875107,0.128875107,3,0.000258856
12.8532,74.97522,0.79,0.154397622,1170,1396,1948,2361,2798.5,3073.5,3316.5,3253,3473,3355.5,4797.5,3716.5,3,0.471501291,0.157167097,0.158888489,0.009795968,0.144401819,0.168210983,0.023809165,0.144401819,0.144401819,3,9.60E-05
12.853202,74.974137,0.52,0.14350638,1216.5,1428,1932,2324,2766.5,3053.5,3349.5,3270,3459.5,3337,4750.5,3665,3,0.474994138,0.158331379,0.162377998,0.010837117,0.143506378,0.169109762,0.025603384,0.143506378,0.143506378,3,0.000117443
12.85325,74.97406,0.79,0.162377995,1216.5,1444,1939,2360,2766.5,3053.5,3349.5,3275,3459.5,3337,4750.5,3665,3,0.485426381,0.161808794,0.162377998,0.00852133,0.151099384,0.171948999,0.020849615,0.151099384,0.151099384,3,7.26E-05
12.8533,74.97565,1.35,0.16867056,1110,1415,1967,2348,2633,3167,3457.5,3336,3634,3363.5,4175.5,3123.5,4,0.658289149,0.164572287,0.163700365,0.00694256,0.157067165,0.173821256,0.016754091,0.157067165,0.157067165,4,4.82E-05
12.853302,74.97564,0.97,0.16867056,1110,1415,1967,2348,2633,3167,3457.5,3336,3634,3363.5,4175.5,3123.5,4,0.658289149,0.164572287,0.163700365,0.00694256,0.157067165,0.173821256,0.016754091,0.157067165,0.157067165,4,4.82E-05
12.87765,75.23695,0.52,0.20075534,695,791,1159,1783,2291.5,2598,2812,2484.5,2809,2793,3705,2508,3,0.486940354,0.162313451,0.164381951,0.011156536,0.147733226,0.174825177,0.02709195,0.147733226,0.147733226,3,0.000124468
13.01277778,74.82416667,0.86,0.129039254,705.5,984,1380,2008,2400.5,2628.5,2810,2603,2849.5,2904.5,4403,3288.5,3,0.454414546,0.151471515,0.149260044,0.019282204,0.129039258,0.176115245,0.047075987,0.129039258,0.129039258,3,0.000371803
13.01861111,74.82083333,0.98,0.163667895,685.5,970,1434,1929,2181.5,2489,2687,2684,2844,2868.5,3395.5,2525.5,3,0.490242183,0.163414061,0.163667902,0.012062859,0.148514852,0.178059429,0.029544577,0.148514852,0.148514852,3,0.000145513
12.85307,74.97601,0.63,0.169278997,1010,1250,1765,2145,2387,2889.5,3226.5,3097,3421,3330.5,3787.5,2659,4,0.684416801,0.1711042,0.170477502,0.007064705,0.161851719,0.181610078,0.019758359,0.161851719,0.161851719,4,4.99E-05
13.01833333,74.81583333,1.31,0.170229008,656.5,1273,1694,2174,2366.5,2645,2948,3066,3223.5,2986,4269,3214.5,2,0.351919994,0.175959997,0.175959997,0.005730994,0.170229003,0.181690991,0.011461988,0.170229003,0.170229003,2,3.28E-05
13.01833333,74.81583333,1.34,0.170229008,656.5,1273,1694,2174,2366.5,2645,2948,3066,3223.5,2986,4269,3214.5,2,0.351919994,0.175959997,0.175959997,0.005730994,0.170229003,0.181690991,0.011461988,0.170229003,0.170229003,2,3.28E-05
13.01833333,74.81583333,0.39,0.170229008,656.5,1273,1694,2174,2366.5,2645,2948,3066,3223.5,2986,4269,3214.5,2,0.351919994,0.175959997,0.175959997,0.005730994,0.170229003,0.181690991,0.011461988,0.170229003,0.170229003,2,3.28E-05
13.01833333,74.81583333,1.23,0.170229008,656.5,1273,1694,2174,2366.5,2645,2948,3066,3223.5,2986,4269,3214.5,2,0.351919994,0.175959997,0.175959997,0.005730994,0.170229003,0.181690991,0.011461988,0.170229003,0.170229003,2,3.28E-05
13.01833333,74.81583333,0.96,0.170229008,656.5,1273,1694,2174,2366.5,2645,2948,3066,3223.5,2986,4269,3214.5,2,0.351919994,0.175959997,0.175959997,0.005730994,0.170229003,0.181690991,0.011461988,0.170229003,0.170229003,2,3.28E-05
12.85321,74.97324,1.22,0.180315409,1187.5,1368,1863,2221,2718.5,3063.5,3333,3198,3415,3409,4479,3303.5,3,0.54662399,0.182207997,0.180315405,0.002693405,0.180291563,0.186017022,0.005725458,0.180291563,0.180291563,3,7.25E-06
13.01861111,74.81444444,1.5,0.183425204,695,1290,1691,2148,2160.5,2416,2693.5,3113,3100,3149.5,4226.5,3195,3,0.537473708,0.179157903,0.183425203,0.010066711,0.165261999,0.188786507,0.023524508,0.165261999,0.165261999,3,0.000101339
13.01861111,74.81444444,1.41,0.183425204,695,1290,1691,2148,2160.5,2416,2693.5,3113,3100,3149.5,4226.5,3195,3,0.537473708,0.179157903,0.183425203,0.010066711,0.165261999,0.188786507,0.023524508,0.165261999,0.165261999,3,0.000101339
13.01861111,74.81444444,1.4,0.183425204,695,1290,1691,2148,2160.5,2416,2693.5,3113,3100,3149.5,4226.5,3195,3,0.537473708,0.179157903,0.183425203,0.010066711,0.165261999,0.188786507,0.023524508,0.165261999,0.165261999,3,0.000101339
13.01861111,74.81444444,1.14,0.183425204,695,1290,1691,2148,2160.5,2416,2693.5,3113,3100,3149.5,4226.5,3195,3,0.537473708,0.179157903,0.183425203,0.010066711,0.165261999,0.188786507,0.023524508,0.165261999,0.165261999,3,0.000101339
13.01861111,74.81444444,0.86,0.183425204,695,1290,1691,2148,2160.5,2416,2693.5,3113,3100,3149.5,4226.5,3195,3,0.537473708,0.179157903,0.183425203,0.010066711,0.165261999,0.188786507,0.023524508,0.165261999,0.165261999,3,0.000101339
13.01861111,74.81444444,1.57,0.183425204,695,1290,1691,2148,2160.5,2416,2693.5,3113,3100,3149.5,4226.5,3195,3,0.537473708,0.179157903,0.183425203,0.010066711,0.165261999,0.188786507,0.023524508,0.165261999,0.165261999,3,0.000101339
12.89705,75.22386,0.64,0.134917156,639.5,1026,1476,2259,2201.5,2810,3102,3332,3139,2895.5,3570.5,2494,3,0.519186854,0.173062285,0.191915572,0.026973274,0.134917155,0.192354128,0.057436973,0.134917155,0.134917155,3,0.000727558
12.89705,75.223861,0.35,0.134917156,639.5,1026,1476,2259,2201.5,2810,3102,3332,3139,2895.5,3570.5,2494,3,0.519186854,0.173062285,0.191915572,0.026973274,0.134917155,0.192354128,0.057436973,0.134917155,0.134917155,3,0.000727558
12.89581,75.225023,0.34,0.197429785,710,941.5,1407,1886,2226,2582,2775.5,2789.5,2966.5,3041,3704,2596.5,2,0.33063899,0.165319495,0.165319495,0.027921863,0.137397632,0.193241358,0.055843726,0.137397632,0.137397632,2,0.00077963
12.85404,74.97451,1.11,0.180769231,1130.5,1554,1989,2385,2800.5,3121.5,3517,3428,3773.5,3207,4919,3814.5,3,0.553596869,0.18453229,0.180769235,0.006295933,0.179425418,0.193402216,0.013976797,0.179425418,0.179425418,3,3.96E-05
12.859815,75.235672,1.02,0.175918019,739.5,929,1339,1940,2271,2568,2816.5,2774,2902,2934,3966.5,2910.5,3,0.548465759,0.18282192,0.176919818,0.009064447,0.175918013,0.195627928,0.019709915,0.175918013,0.175918013,3,8.22E-05
12.8527,74.97205,1,0.193529752,899,1207,1767,2237,2501,2885,3135.5,3035,3312.5,3219.5,4378.5,3393,3,0.519272506,0.173090835,0.170676261,0.018801916,0.151365712,0.197230533,0.04586482,0.151365712,0.151365712,3,0.000353512
12.85397,74.97201,1.04,0.206480933,947,1177,1562,2052,2386.5,2798.5,3046,3036,3194.5,3245,4306.5,3241.5,3,0.589461222,0.196487074,0.195032015,0.003283078,0.193396226,0.201032981,0.007636756,0.193396226,0.193396226,3,1.08E-05
12.892562,75.22958,0.31,0.163116928,773,1063,1544,2367,2573,3079.5,3466.5,3477.5,3457.5,3426,3766,2500.5,3,0.565209776,0.188403259,0.190007702,0.014382348,0.170041218,0.205160856,0.035119638,0.170041218,0.170041218,3,0.000206852
13.01861111,74.81388889,1.48,0.192589734,695,1299,1612,2092,2356,2645,2928.5,3090,3347,3149.5,4196.5,3065,3,0.5818948,0.193964933,0.19258973,0.009295631,0.183330223,0.205974847,0.022644624,0.183330223,0.183330223,3,8.64E-05
13.01861111,74.81388889,1.45,0.192589734,695,1299,1612,2092,2356,2645,2928.5,3090,3347,3149.5,4196.5,3065,3,0.5818948,0.193964933,0.19258973,0.009295631,0.183330223,0.205974847,0.022644624,0.183330223,0.183330223,3,8.64E-05
13.01861111,74.81388889,0.76,0.192589734,695,1299,1612,2092,2356,2645,2928.5,3090,3347,3149.5,4196.5,3065,3,0.5818948,0.193964933,0.19258973,0.009295631,0.183330223,0.205974847,0.022644624,0.183330223,0.183330223,3,8.64E-05
12.8539,74.97442,1.44,0.210188875,1202.5,1393,1828,2280,2525,2990,3326,3486,3608.5,3434,4487,3268,2,0.396331877,0.198165938,0.198165938,0.010991186,0.187174752,0.209157124,0.021982372,0.187174752,0.187174752,2,0.000120806
12.8477,74.98367,1.05,0.214308029,785.5,1381,2182,3190,3267,3635.5,3739,4342,3909.5,3302.5,4665.5,2898,3,0.53611809,0.17870603,0.168862641,0.025999359,0.152947426,0.214308023,0.061360598,0.152947426,0.152947426,3,0.000675967
12.8477,74.98367,1.12,0.214308029,785.5,1381,2182,3190,3267,3635.5,3739,4342,3909.5,3302.5,4665.5,2898,3,0.53611809,0.17870603,0.168862641,0.025999359,0.152947426,0.214308023,0.061360598,0.152947426,0.152947426,3,0.000675967
13.01916667,74.81861111,1.14,0.18768158,634,1130,1714,2472,2640,2963.5,3181.5,3260,3341.5,3131,4474.5,3155.5,4,0.719694123,0.179923531,0.183883578,0.027633691,0.137473837,0.214453131,0.076979294,0.137473837,0.137473837,4,0.000763621
13.01916667,74.81861111,1.21,0.18768158,634,1130,1714,2472,2640,2963.5,3181.5,3260,3341.5,3131,4474.5,3155.5,4,0.719694123,0.179923531,0.183883578,0.027633691,0.137473837,0.214453131,0.076979294,0.137473837,0.137473837,4,0.000763621
13.01916667,74.81861111,1.39,0.18768158,634,1130,1714,2472,2640,2963.5,3181.5,3260,3341.5,3131,4474.5,3155.5,4,0.719694123,0.179923531,0.183883578,0.027633691,0.137473837,0.214453131,0.076979294,0.137473837,0.137473837,4,0.000763621
13.01916667,74.81861111,1.14,0.18768158,634,1130,1714,2472,2640,2963.5,3181.5,3260,3341.5,3131,4474.5,3155.5,4,0.719694123,0.179923531,0.183883578,0.027633691,0.137473837,0.214453131,0.076979294,0.137473837,0.137473837,4,0.000763621
12.8539,74.97424,1.13,0.220910038,1172.5,1412,1802,2243,2454.5,3088.5,3395,3515,3675.5,3407,4344.5,3196,2,0.402558297,0.201279148,0.201279148,0.019630894,0.181648254,0.220910043,0.039261788,0.181648254,0.181648254,2,0.000385372
12.87348,75.24698,1.32,0.186911927,767.5,1354,1728,2398,2161,2981.5,3312,3500.5,3536,3430,3151.5,2209,2,0.408955231,0.204477616,0.204477616,0.01756569,0.186911926,0.222043306,0.03513138,0.186911926,0.186911926,2,0.000308553
12.898921,75.225039,0.98,0.189855246,619,796.5,1077,1693,2031.5,2226.5,2443,2486.5,2568,2793.5,3218.5,2343.5,3,0.588957161,0.196319054,0.189855248,0.019825557,0.17592378,0.223178133,0.047254354,0.17592378,0.17592378,3,0.000393053
12.84978,74.98485,1.07,0.224853192,1065,1233,1585,2092,2204.5,2764.5,3200,3259,3624,3668,4096.5,2902,2,0.44294326,0.22147163,0.22147163,0.003381558,0.218090072,0.224853188,0.006763116,0.218090072,0.218090072,2,1.14E-05
12.84978,74.98485,1.14,0.224853192,1065,1233,1585,2092,2204.5,2764.5,3200,3259,3624,3668,4096.5,2902,2,0.44294326,0.22147163,0.22147163,0.003381558,0.218090072,0.224853188,0.006763116,0.218090072,0.218090072,2,1.14E-05
12.85297,74.97903,0.86,0.202791625,685.5,1145,1544,1968,2361.5,2738.5,3091.5,3059,3248,3162.5,4342,3151,3,0.645511389,0.215170463,0.217028052,0.009440739,0.202791631,0.225691706,0.022900075,0.202791631,0.202791631,3,8.91E-05
12.8492924,74.9839,0.47,0.228077572,809,1114,1462,1862,2339,2617.5,2926,2927,3255.5,3288.5,4333.5,3180,4,0.90054141,0.225135352,0.225039601,0.002360466,0.222384632,0.228077576,0.005692944,0.222384632,0.222384632,4,5.57E-06
12.85207,74.97824,0.99,0.222084059,932.5,1076,1272,1476,1783,1991.5,2317.5,2354,2545.5,3097,3546.5,2687,3,0.650273636,0.216757879,0.22208406,0.01292901,0.198946759,0.229242817,0.030296057,0.198946759,0.198946759,3,0.000167159
13.01972222,74.81444444,1.43,0.234491018,618.5,888,1206,1580,1857,2202.5,2501.5,2500,2859.5,2823,3833.5,2863.5,2,0.459981218,0.229990609,0.229990609,0.004500411,0.225490198,0.23449102,0.009000823,0.225490198,0.225490198,2,2.03E-05
12.848835,74.9827,0.71,0.215411559,973.5,1145.5,1291,1574,1898.5,2134,2339.5,2436,2707,2921,4197,3109.5,3,0.68965134,0.22988378,0.231956199,0.011431359,0.214962587,0.242732555,0.027769968,0.214962587,0.214962587,3,0.000130676
13.02305556,74.83277778,1.37,0.244212963,661.5,905,1151,1593,1850,2073.5,2286.5,2600,2678,2958,4129,3094.5,4,0.927316934,0.231829233,0.232967414,0.010890312,0.217169136,0.24421297,0.027043834,0.217169136,0.217169136,4,0.000118599
13.02305556,74.83277778,1.09,0.244212963,661.5,905,1151,1593,1850,2073.5,2286.5,2600,2678,2958,4129,3094.5,4,0.927316934,0.231829233,0.232967414,0.010890312,0.217169136,0.24421297,0.027043834,0.217169136,0.217169136,4,0.000118599
12.8548,74.97506,1.39,0.225939505,906.5,1090,1452,1689,1658,2402,2754.5,2675,2906,2963.5,2908.5,2100.5,2,0.473795235,0.236897618,0.236897618,0.010958105,0.225939512,0.247855723,0.021916211,0.225939512,0.225939512,2,0.00012008
12.88014,75.2473,0.73,0.241655541,727.5,1262,1544,1846,2085,2652.5,2907.5,3022.5,3081.5,3145,2939,2271,4,0.877592027,0.219398007,0.238735572,0.042226624,0.147053212,0.253067672,0.10601446,0.147053212,0.147053212,4,0.001783088
12.88015,75.24731,0.62,0.241655541,727.5,1262,1544,1846,2085,2652.5,2907.5,3022.5,3081.5,3145,2939,2271,3,0.641776428,0.213925476,0.241655543,0.047514797,0.147053212,0.253067672,0.10601446,0.147053212,0.147053212,3,0.002257656
12.88016,75.24732,1.15,0.241655541,727.5,1262,1544,1846,2085,2652.5,2907.5,3022.5,3081.5,3145,2939,2271,3,0.641776428,0.213925476,0.241655543,0.047514797,0.147053212,0.253067672,0.10601446,0.147053212,0.147053212,3,0.002257656
12.85344,74.975737,1.47,0.238636364,1190,1225,1780,1982,2456.5,2987,3323.5,3328,3492,3559.5,4016,3016.5,4,0.864689142,0.216172285,0.213814259,0.030405725,0.183576643,0.253483981,0.069907337,0.183576643,0.183576643,4,0.000924508
13.01222222,74.82416667,1.15,0.253898068,643,939.5,1315,1787,2051.5,2496.5,2745.5,2713,2964.5,2819.5,3602.5,2601,3,0.665453613,0.221817871,0.205777779,0.022684115,0.205777779,0.253898054,0.048120275,0.253898054,0.205777779,2,0.000514569
13.01222222,74.82416667,1.11,0.253898068,643,939.5,1315,1787,2051.5,2496.5,2745.5,2713,2964.5,2819.5,3602.5,2601,3,0.665453613,0.221817871,0.205777779,0.022684115,0.205777779,0.253898054,0.048120275,0.253898054,0.205777779,2,0.000514569
13.01222222,74.82416667,0.92,0.253898068,643,939.5,1315,1787,2051.5,2496.5,2745.5,2713,2964.5,2819.5,3602.5,2601,3,0.665453613,0.221817871,0.205777779,0.022684115,0.205777779,0.253898054,0.048120275,0.253898054,0.205777779,2,0.000514569
12.85256,74.97432,0.7,0.254488247,1123.5,1281,1790,2014,2574,3200,3470,3389,3610.5,3353.5,4161,3039.5,4,0.961473852,0.240368463,0.243170977,0.015026058,0.22002241,0.255109489,0.035087079,0.22002241,0.22002241,4,0.000225782
12.85256,74.97432,0.77,0.254488247,1123.5,1281,1790,2014,2574,3200,3470,3389,3610.5,3353.5,4161,3039.5,4,0.961473852,0.240368463,0.243170977,0.015026058,0.22002241,0.255109489,0.035087079,0.22002241,0.22002241,4,0.000225782
12.877941,75.23666,0.33,0.248755669,709.5,832.5,1233,1698,2011.5,2510.5,2787.5,2822.5,2944,2813.5,3178.5,2199.5,3,0.733952373,0.244650791,0.248755664,0.011635973,0.228797764,0.256398946,0.027601182,0.228797764,0.228797764,3,0.000135396
12.877942,75.23667,0.36,0.248755669,709.5,832.5,1233,1698,2011.5,2510.5,2787.5,2822.5,2944,2813.5,3178.5,2199.5,3,0.733952373,0.244650791,0.248755664,0.011635973,0.228797764,0.256398946,0.027601182,0.228797764,0.228797764,3,0.000135396
13.01861111,74.81583333,1.19,0.190876351,656.5,1090,1462,2022,2072,2543,2812,2976,3119,2986,3696,2644.5,2,0.45202817,0.226014085,0.226014085,0.035137735,0.19087635,0.26115182,0.070275471,0.19087635,0.19087635,2,0.00123466
13.01861111,74.81583333,1.29,0.190876351,656.5,1090,1462,2022,2072,2543,2812,2976,3119,2986,3696,2644.5,2,0.45202817,0.226014085,0.226014085,0.035137735,0.19087635,0.26115182,0.070275471,0.19087635,0.19087635,2,0.00123466
13.01861111,74.81583333,1.31,0.190876351,656.5,1090,1462,2022,2072,2543,2812,2976,3119,2986,3696,2644.5,2,0.45202817,0.226014085,0.226014085,0.035137735,0.19087635,0.26115182,0.070275471,0.19087635,0.19087635,2,0.00123466
13.01861111,74.81583333,1.26,0.190876351,656.5,1090,1462,2022,2072,2543,2812,2976,3119,2986,3696,2644.5,2,0.45202817,0.226014085,0.226014085,0.035137735,0.19087635,0.26115182,0.070275471,0.19087635,0.19087635,2,0.00123466
13.02027778,74.81472222,1.37,0.262342263,570.5,1123,1496,1889,2310,2534.5,2800.5,2892,3200.5,2993.5,4173,3011,3,0.67805694,0.22601898,0.20978874,0.025732814,0.205925927,0.262342274,0.056416348,0.205925927,0.205925927,3,0.000662178
13.02027778,74.81472222,0.96,0.262342263,570.5,1123,1496,1889,2310,2534.5,2800.5,2892,3200.5,2993.5,4173,3011,3,0.67805694,0.22601898,0.20978874,0.025732814,0.205925927,0.262342274,0.056416348,0.205925927,0.205925927,3,0.000662178
13.02027778,74.81472222,0.78,0.262342263,570.5,1123,1496,1889,2310,2534.5,2800.5,2892,3200.5,2993.5,4173,3011,3,0.67805694,0.22601898,0.20978874,0.025732814,0.205925927,0.262342274,0.056416348,0.205925927,0.205925927,3,0.000662178
13.02027778,74.81472222,1.13,0.262342263,570.5,1123,1496,1889,2310,2534.5,2800.5,2892,3200.5,2993.5,4173,3011,3,0.67805694,0.22601898,0.20978874,0.025732814,0.205925927,0.262342274,0.056416348,0.205925927,0.205925927,3,0.000662178
12.85428,74.975712,1.03,0.263416816,1025,1293,1604,1870,2088.5,2562.5,2845,2740,3043,3182,3797.5,2823.5,4,0.968873799,0.24221845,0.258368403,0.030959016,0.188720167,0.263416827,0.07469666,0.188720167,0.188720167,4,0.000958461
12.8499,74.9862,1.05,0.25503498,835,1104,1406,1757,2004,2348.5,2603,2960,3019,3037.5,4253,3135.5,3,0.763658568,0.254552856,0.255034983,0.008400935,0.244031265,0.26459232,0.020561054,0.244031265,0.244031265,3,7.06E-05
12.8499,74.9862,0.7,0.25503498,835,1104,1406,1757,2004,2348.5,2603,2960,3019,3037.5,4253,3135.5,3,0.763658568,0.254552856,0.255034983,0.008400935,0.244031265,0.26459232,0.020561054,0.244031265,0.244031265,3,7.06E-05
12.89564,75.230569,0.49,0.231276281,1116,1157,1324,1590,1874,2416.5,2733.5,2743,2997,2740.5,3415.5,2537,3,0.763471082,0.254490361,0.266097397,0.016414828,0.231276289,0.266097397,0.034821108,0.231276289,0.266097397,2,0.000269447
13.02166667,74.81861111,0.8,0.208800332,626,1010,1452,1906,2130,2524.5,2843.5,2912,3175,2930.5,4133,3026,2,0.476793543,0.238396771,0.238396771,0.02959644,0.208800331,0.267993212,0.059192881,0.208800331,0.208800331,2,0.000875949
13.02166667,74.81861111,0.96,0.208800332,626,1010,1452,1906,2130,2524.5,2843.5,2912,3175,2930.5,4133,3026,2,0.476793543,0.238396771,0.238396771,0.02959644,0.208800331,0.267993212,0.059192881,0.208800331,0.208800331,2,0.000875949
13.02166667,74.81861111,1.02,0.208800332,626,1010,1452,1906,2130,2524.5,2843.5,2912,3175,2930.5,4133,3026,2,0.476793543,0.238396771,0.238396771,0.02959644,0.208800331,0.267993212,0.059192881,0.208800331,0.208800331,2,0.000875949
12.8503,74.9849,1.07,0.244088624,1181.5,1548,1883,2177,2522.5,2909.5,3198.5,3361,3574,3595.5,4791.5,3690,4,0.946729764,0.236682441,0.232255146,0.021509251,0.213795587,0.268423885,0.054628298,0.213795587,0.213795587,4,0.000462648
12.84726,74.98766,1.06,0.236387492,633.5,1010,1377,1768,2115.5,2553.5,2849,3075,3257.5,3180,4224.5,3104.5,4,1.000320166,0.250080042,0.247544453,0.014751081,0.235357225,0.269874036,0.034516811,0.235357225,0.235357225,4,0.000217594
12.85365,74.9725,1.13,0.271112947,1214.5,1337,1740,2139,2440,2844.5,3122,3056,3285.5,3267,4177,3137.5,4,0.846272618,0.211568154,0.19960656,0.039265125,0.175946549,0.271112949,0.0951664,0.175946549,0.175946549,4,0.00154175
12.85326,74.97222,0.36,0.225509028,1199.5,1088.5,1575,1871,2462,3042,3382.5,3294,3509.5,3457.5,4047.5,2948.5,4,0.976229012,0.244057253,0.246015944,0.027788594,0.2086889,0.275508225,0.066819325,0.2086889,0.2086889,4,0.000772206
12.89338,75.22759,1.09,0.221067221,589.5,916,1236,1480,1858.5,2326,2580,2618.5,2877.5,3122,3126,2391.5,3,0.769814909,0.25660497,0.270157725,0.024756061,0.221872628,0.277784556,0.055911928,0.221872628,0.221872628,3,0.000612863
12.8498,74.9859,0.73,0.280479373,1222,1070,1345,1631,2047.5,2447,2733.5,2700,3068.5,3151,4365.5,3092,3,0.799015522,0.266338507,0.273569614,0.013951217,0.246825218,0.27862069,0.031795472,0.246825218,0.246825218,3,0.000194636
12.8498,74.9859,1.16,0.280479373,1222,1070,1345,1631,2047.5,2447,2733.5,2700,3068.5,3151,4365.5,3092,3,0.799015522,0.266338507,0.273569614,0.013951217,0.246825218,0.27862069,0.031795472,0.246825218,0.246825218,3,0.000194636
12.89521,75.225628,0.37,0.180340557,656,985.5,1495,2611,2776,3200,3318,3242,3334,3285.5,4093,2748,4,0.744041339,0.186010335,0.17793677,0.061561677,0.107807964,0.280359834,0.17255187,0.107807964,0.107807964,4,0.00378984
12.85697,74.9747,0.8,0.282507583,833,1321,1837,2189,2636.5,2942.5,3236,3211,3413.5,3188.5,4138.5,3170.5,2,0.471766829,0.235883415,0.235883415,0.046624154,0.189259261,0.282507569,0.093248308,0.189259261,0.189259261,2,0.002173812
12.87249,75.2508,0.93,0.157520407,703,1166,1609,2315,2480,3170.5,3460.5,3554,3551.5,3297.5,3942.5,2571,4,0.896691427,0.224172857,0.225593902,0.047270392,0.157520413,0.287983209,0.130462795,0.157520413,0.157520413,4,0.00223449
12.872499,75.250821,1.23,0.157520407,703,956.5,1322,1782,2480,3170.5,3460.5,3223.5,3551.5,3297.5,3942.5,2571,4,0.896691427,0.224172857,0.225593902,0.047270392,0.157520413,0.287983209,0.130462795,0.157520413,0.157520413,4,0.00223449
12.846098,74.98332,0.85,0.289719626,565.5,1093,1414,1748,1615,2749,3147.5,3174,3456.5,3277.5,2836.5,1761,2,0.560781896,0.280390948,0.280390948,0.009328663,0.271062285,0.289719611,0.018657327,0.271062285,0.271062285,2,8.70E-05
12.846098,74.98332,0.45,0.289719626,565.5,1093,1414,1748,1615,2749,3147.5,3174,3456.5,3277.5,2836.5,1761,2,0.560781896,0.280390948,0.280390948,0.009328663,0.271062285,0.289719611,0.018657327,0.271062285,0.271062285,2,8.70E-05
12.876217,75.234327,0.23,0.233648542,567,2121,2313,2683,2253.5,2736.5,3060.5,3520,3203,3080.5,3662,2917,3,0.617673174,0.205891058,0.190040559,0.065374487,0.134934708,0.292697906,0.157763198,0.134934708,0.134934708,3,0.004273824
12.84743,74.98765,0.74,0.251464435,633.5,1007.5,1356,1762,2115.5,2553.5,2849,3079,3257.5,3180,4224.5,3104.5,4,1.075865895,0.268966474,0.26519312,0.016250424,0.251464427,0.294015229,0.042550802,0.251464427,0.251464427,4,0.000264076
12.84821,74.9875,0.93,0.295124851,735,967,1243,1594,1970,2349.5,2645.5,2718,2921.5,3005.5,3941.5,2882.5,3,0.819859982,0.273286661,0.264067233,0.015504173,0.26066789,0.295124859,0.034456968,0.26066789,0.26066789,3,0.000240379
12.84821,74.9875,1.23,0.295124851,735,967,1243,1594,1970,2349.5,2645.5,2718,2921.5,3005.5,3941.5,2882.5,3,0.819859982,0.273286661,0.264067233,0.015504173,0.26066789,0.295124859,0.034456968,0.26066789,0.26066789,3,0.000240379
13.01722222,74.81722222,1.24,0.207077953,574.5,928,1223,1492,1863.5,2169.5,2423,2329,2644,2877.5,3485,2650.5,2,0.515454665,0.257727332,0.257727332,0.038674735,0.219052598,0.296402067,0.077349469,0.219052598,0.219052598,2,0.001495735
13.01722222,74.81722222,1.38,0.207077953,574.5,928,1223,1492,1863.5,2169.5,2423,2329,2644,2877.5,3485,2650.5,2,0.515454665,0.257727332,0.257727332,0.038674735,0.219052598,0.296402067,0.077349469,0.219052598,0.219052598,2,0.001495735
13.01722222,74.81722222,1.26,0.207077953,574.5,928,1223,1492,1863.5,2169.5,2423,2329,2644,2877.5,3485,2650.5,2,0.515454665,0.257727332,0.257727332,0.038674735,0.219052598,0.296402067,0.077349469,0.219052598,0.219052598,2,0.001495735
13.01722222,74.81722222,1.29,0.207077953,574.5,928,1223,1492,1863.5,2169.5,2423,2329,2644,2877.5,3485,2650.5,2,0.515454665,0.257727332,0.257727332,0.038674735,0.219052598,0.296402067,0.077349469,0.219052598,0.219052598,2,0.001495735
13.01722222,74.81722222,1.05,0.207077953,574.5,928,1223,1492,1863.5,2169.5,2423,2329,2644,2877.5,3485,2650.5,2,0.515454665,0.257727332,0.257727332,0.038674735,0.219052598,0.296402067,0.077349469,0.219052598,0.219052598,2,0.001495735
13.01722222,74.81722222,1.29,0.207077953,574.5,928,1223,1492,1863.5,2169.5,2423,2329,2644,2877.5,3485,2650.5,2,0.515454665,0.257727332,0.257727332,0.038674735,0.219052598,0.296402067,0.077349469,0.219052598,0.219052598,2,0.001495735
12.84994,74.9860504,0.83,0.267573696,835,1049.5,1311,1632,1973.5,2402,2649.5,2822,2988.5,3037.5,4537,3201.5,4,1.088820219,0.272205055,0.267374635,0.015453579,0.256276846,0.297794104,0.041517258,0.256276846,0.256276846,4,0.000238813
12.84994,74.9860504,0.99,0.267573696,835,1049.5,1311,1632,1973.5,2402,2649.5,2822,2988.5,3037.5,4537,3201.5,4,1.088820219,0.272205055,0.267374635,0.015453579,0.256276846,0.297794104,0.041517258,0.256276846,0.256276846,4,0.000238813
12.86528,75.24002,0.36,0.257815466,699,852,1178,1466,1899.5,2381.5,2667.5,2484.5,2764.5,2942,3355,2557,3,0.749845505,0.249948502,0.25781548,0.045162886,0.191123188,0.300906837,0.109783649,0.191123188,0.191123188,3,0.002039686
12.851726,74.98013,0.85,0.23100132,1029.5,1247,1660,1857,2191,2734,3104.5,3249,3439.5,3361.5,4219.5,2933.5,4,1.035982952,0.258995738,0.251810879,0.029953227,0.23071076,0.301650435,0.070939675,0.23071076,0.23071076,4,0.000897196
12.851726,74.98013,1.6,0.23100132,1029.5,1247,1660,1857,2191,2734,3104.5,3249,3439.5,3361.5,4219.5,2933.5,4,1.035982952,0.258995738,0.251810879,0.029953227,0.23071076,0.301650435,0.070939675,0.23071076,0.23071076,4,0.000897196
12.844139,74.98054,1.09,0.23775245,660.5,1131,1606,2015,2249,2857,3190.5,3163,3479,3228,4191,3072,3,0.76217021,0.254056737,0.237752452,0.035021482,0.221707225,0.302710533,0.081003308,0.221707225,0.221707225,3,0.001226504
12.844139,74.98054,0.89,0.23775245,660.5,1131,1606,2015,2249,2857,3190.5,3163,3479,3228,4191,3072,3,0.76217021,0.254056737,0.237752452,0.035021482,0.221707225,0.302710533,0.081003308,0.221707225,0.221707225,3,0.001226504
12.87568,75.24539,0.98,0.259373963,780.5,1004,1274,1674,1799.5,2562,3025.5,2846.5,3219.5,3247,2860,1880.5,2,0.565155715,0.282577857,0.282577857,0.023203894,0.259373963,0.305781752,0.046407789,0.259373963,0.259373963,2,0.000538421
12.902164,75.228717,0.93,0.278630979,711,965,1293,1643,1984.5,2523.5,2851,3094.5,3014.5,3120,3568.5,2576,3,0.826353818,0.275451273,0.278630972,0.026650581,0.241337627,0.306385219,0.065047592,0.241337627,0.241337627,3,0.000710253
13.01861111,74.82027778,0.79,0.206727948,716,1205,1585,2028,2043,2569.5,2828,3085,3036,3052.5,3618.5,2546.5,4,0.990452364,0.247613091,0.244755596,0.05037271,0.190367445,0.310573727,0.120206282,0.190367445,0.190367445,4,0.00253741
13.01861111,74.82027778,1.3,0.206727948,716,1205,1585,2028,2043,2569.5,2828,3085,3036,3052.5,3618.5,2546.5,4,0.990452364,0.247613091,0.244755596,0.05037271,0.190367445,0.310573727,0.120206282,0.190367445,0.190367445,4,0.00253741
12.85847,74.98175,1.24,0.262721621,1135,1037,1448,1705,1794.5,2556,2812,2860,2961,3196,2958,1860,4,1.091013968,0.272753492,0.259451181,0.026985994,0.253012061,0.319099545,0.066087484,0.253012061,0.253012061,4,0.000728244
12.86502,75.232974,1.19,0.271313308,643.5,890.5,1288,1874,1814,2710,3175.5,3269.5,3289.5,3229.5,2935.5,1813,3,0.834688798,0.278229599,0.27131331,0.031514534,0.243558064,0.319817424,0.07625936,0.243558064,0.243558064,3,0.000993166
12.87836,75.24568,0.73,0.289836598,665.5,954,1232,1621,1970.5,2472.5,2775,2705.5,3077.5,3310.5,3770,2772.5,4,1.109617278,0.277404319,0.270890236,0.032512777,0.243666515,0.324170291,0.080503777,0.243666515,0.243666515,4,0.001057081
12.869707,75.244582,0.34,0.293516328,672,1321,1765,2158,1858.5,2670.5,3093.5,3158.5,3297.5,3594,2802,1918.5,4,1.097521454,0.274380364,0.292107627,0.051565515,0.188187718,0.325118482,0.136930764,0.188187718,0.188187718,4,0.002659002
12.8558,74.97783,1.26,0.298719122,791.5,915.5,1191,1437,1751,2309,2647,2588,2845.5,2949,2816,1985,3,0.865254343,0.288418114,0.285962731,0.031373911,0.251279652,0.32801196,0.076732308,0.251279652,0.251279652,3,0.000984322
13.02027778,74.81888889,1.15,0.29365795,567.5,655.5,787.5,1028,1423,2028.5,2226,2033,2596,2690,3274,2237.5,4,1.18561992,0.29640498,0.291810393,0.019903052,0.273675054,0.32832408,0.054649025,0.273675054,0.273675054,4,0.000396131
13.02027778,74.81888889,0.91,0.29365795,567.5,655.5,787.5,1028,1423,2028.5,2226,2033,2596,2690,3274,2237.5,4,1.18561992,0.29640498,0.291810393,0.019903052,0.273675054,0.32832408,0.054649025,0.273675054,0.273675054,4,0.000396131
13.02027778,74.81888889,0.91,0.29365795,567.5,655.5,787.5,1028,1423,2028.5,2226,2033,2596,2690,3274,2237.5,4,1.18561992,0.29640498,0.291810393,0.019903052,0.273675054,0.32832408,0.054649025,0.273675054,0.273675054,4,0.000396131
13.02027778,74.81888889,0.97,0.29365795,567.5,655.5,787.5,1028,1423,2028.5,2226,2033,2596,2690,3274,2237.5,4,1.18561992,0.29640498,0.291810393,0.019903052,0.273675054,0.32832408,0.054649025,0.273675054,0.273675054,4,0.000396131
13.02027778,74.81888889,0.99,0.29365795,567.5,655.5,787.5,1028,1423,2028.5,2226,2033,2596,2690,3274,2237.5,4,1.18561992,0.29640498,0.291810393,0.019903052,0.273675054,0.32832408,0.054649025,0.273675054,0.273675054,4,0.000396131
12.901194,75.225708,0.26,0.292804836,568.5,784,1163,1521,1664.5,2366,2778.5,2780.5,2944.5,2992.5,2751.5,1770.5,3,0.903464645,0.301154882,0.292804837,0.020569886,0.28119719,0.329462618,0.048265427,0.28119719,0.28119719,3,0.00042312
12.852356,74.98544,1.09,0.238884045,838,957,1241,1746,2137,2786.5,3039,2842,3232,3198.5,3632.5,2668.5,4,1.038309038,0.259577259,0.252294235,0.046685,0.20303975,0.330680817,0.127641067,0.20303975,0.20303975,4,0.002179489
12.85618,74.9766,1.17,0.25765017,764,910,1208,1480,1953,2550,2948.5,2967,3325.5,3530,3662.5,2511,3,0.892178714,0.297392905,0.300145805,0.031386365,0.257650167,0.334382743,0.076732576,0.257650167,0.257650167,3,0.000985104
13.01888889,74.81833333,1.33,0.27570922,610,784.5,1075,1466,1857.5,2482.5,2761.5,2772,3025.5,3004,3938.5,2623.5,3,0.921603084,0.307201028,0.308164239,0.02532889,0.275709212,0.337729633,0.062020421,0.275709212,0.275709212,3,0.000641553
12.87659,75.25242,0.92,0.192304202,580,807,1269,1555,2117.5,2912,3223.5,3151,3384,2885.5,2903.5,1903,2,0.531445727,0.265722863,0.265722863,0.073418655,0.192304209,0.339141518,0.146837309,0.192304209,0.192304209,2,0.005390299
13.01888889,74.82083333,1.13,0.275147929,740,823.5,1050,1410,1718,2280.5,2541,2382,2770.5,2740,3170.5,2317.5,3,0.873333961,0.29111132,0.277535439,0.035273268,0.256329119,0.339469403,0.083140284,0.256329119,0.256329119,3,0.001244203
12.858478,74.981684,0.95,0.262721621,1135,1081,1479,1745,1973,2581,2854.5,2947,3032.5,3196,3198,2069,4,1.184865505,0.296216376,0.293841541,0.037271821,0.256180733,0.341001689,0.084820956,0.256180733,0.256180733,4,0.001389189
12.85247,74.98618,1.09,0.226385461,780.5,1187,1564,2121,2425.5,2764,3072.5,2848,3156,3132.5,3476.5,2622,4,0.924907818,0.231226955,0.217355184,0.071505877,0.146307111,0.343890339,0.197583228,0.146307111,0.146307111,4,0.00511309
12.85451,74.97851,0.86,0.296267293,616.5,842.5,1032.5,1348,1617.5,2090.5,2370,2483,2631.5,2731.5,3391,2349,4,1.273619115,0.318404779,0.315854207,0.019612968,0.296267301,0.345643401,0.0493761,0.296267301,0.296267301,4,0.000384669
12.85001,75.23001,0.91,0.202996566,802.5,896.5,1089,1319,1617,2398.5,2832.5,2713,3060,3114,2858,1888,3,0.738094404,0.246031468,0.202996567,0.070719765,0.189363718,0.345734119,0.156370401,0.189363718,0.189363718,3,0.005001285
12.84992,74.9848,1.04,0.224260577,1065,968.5,1303,1594,2204.5,2764.5,3200,3286,3624,3668,4096.5,2902,4,1.126900822,0.281725205,0.280723356,0.060354445,0.218732789,0.346721321,0.127988532,0.218732789,0.218732789,4,0.003642659
12.877939,75.248664,0.41,0.28481203,607,630.5,859.5,1135,1509.5,1803,2138.5,2347.5,2506.5,2662,3401,2478,3,0.96455577,0.32151859,0.331574321,0.026825085,0.284812033,0.348169416,0.063357383,0.284812033,0.284812033,3,0.000719585
12.84858,74.98382,0.85,0.289938217,818.5,1050,1494,1502,2198,2693,2996,3117,3237.5,3228.5,3338.5,2358,4,1.282844752,0.320711188,0.321631879,0.026601538,0.289938211,0.349642783,0.059704572,0.289938211,0.289938211,4,0.000707642
,,,,,,,,,,,,,,,,,,,,,,,,,,,
,,,,,,,,,,,,,,,,,,,,,,,,,,,
,,,,,,,,,,,,,,,,,,,,,,,,,,,
,,,,,,,,,,,,,,,,,,,,,,,,,,,
,,,,,,,,,,,,,,,,,,,,,,,,,,,
,,,,,,,,,,,,,,,,,,,,,,,,,,,
,,,,,,,,,,,,,,,,,,,,,,,,,,,
,,,,,,,,,,,,,,,,,,,,,,,,,,,
,,,,,,,,,,,,,,,,,,,,,,,,,,,
,,,,,,,,,,,,,,,,,,,,,,,,,,,
,,,,,,,,,,,,,,,,,,,,,,,,,,,
,,,,,,,,,,,,,,,,,,,,,,,,,,,
,,,,,,,,,,,,,,,,,,,,,,,,,,,
,,,,,,,,,,,,,,,,,,,,,,,,,,,
,,,,,,,,,,,,,,,,,,,,,,,,,,,
,,,,,,,,,,,,,,,,,,,,,,,,,,,
,,,,,,,,,,,,,,,,,,,,,,,,,,,
